id,name,lastname,role,dni,email,password_hash,register_date
1,David,Ramos,promoter,38141707,yclark@example.net,efb5395ca0db7b51b5a49419adb23a50266f3a2b813b55f878e3881f0b5afcfe,2020-09-11 09:47:19
2,Katie,Robertson,promoter,55821041,brian73@example.org,9604bc7e2712352dce6385ab6ef78927561809ac1594a2d51c33ae9d8b677704,2025-03-10 15:54:31
3,Patricia,Cohen,admin,28411635,gflowers@example.org,ff6ff4cfbdab008412e4f09be0576931401b073f3a65ec4f7014a3c8d5a577b6,2023-04-13 07:27:43
4,Karen,Winters,admin,51670601,sgreen@example.org,356032843f9cf723021c16e0658ff1a97b85376d51eb3b02ffb33704975ca9f1,2021-08-06 04:10:05
5,Jeffrey,Murray,promoter,57059797,tadams@example.org,2f04d02fd0fb14c88da7bd35caffa03f841e4baf96323b5ce56393171c545652,2023-09-06 20:55:14
6,Richard,Mcclain,admin,36054785,tsmith@example.org,1507ff68a26aab4c4a7e8e076d37f33d08f5dca0e38fccd89bfdfc9523202ad6,2025-03-09 16:17:19
7,Curtis,Bullock,customer,32943059,martinezchristopher@example.org,4dc6d55dbab4d05f1347b5f059e76f698aa16563ce31a21417576fab390df23c,2025-02-24 15:16:37
8,Jason,Williams,admin,450155,flowery@example.net,eb7f637283eefac4b97208e28f8cf635ef1c6ed2522fc3d56fafa8902fc4bdfe,2020-07-31 05:41:16
9,Eric,Decker,admin,20879358,lmills@example.org,978992a91cbe491fe2820bc7e681bdf342c217e8ce1e5c00de7a655a0336200a,2021-03-23 01:09:41
10,Julie,Reynolds,admin,39315298,kellyanderson@example.org,0891b727022ae8330e85504d82b2d7fb77c23fb2a5fc954c7b3be8ee32d964f2,2020-12-19 07:46:13
11,Curtis,Kelly,promoter,45263572,krystal13@example.net,ef53ff37f10a55e73a89d8752b45585f5f8440d29832fb754c05929bc68cf64f,2020-01-07 22:34:58
12,Brian,Bell,promoter,45339115,rachelmartin@example.net,d79fd77ad9387170d45a504f883b61038df8f4d99ab9c9b994f382f156f5978c,2025-01-22 18:24:00
13,Lori,Nash,customer,19169943,mark73@example.net,2813cdc0f0358c911e383dd778793831ab1a95675f53ebc3c6d06597c43a359e,2020-12-03 16:55:48
14,Elizabeth,Norton,admin,97711950,austin04@example.net,c0de29f559fd7418118609611ab84430e4cfb51dfbf3c41c674600fcb938ebad,2024-01-24 11:38:04
15,Connie,Wilson,customer,56259976,valeriemacias@example.net,959f8621609f2731e306d2fb10b507760d53106039776a7b4cb402f82b981a09,2021-02-21 00:41:59
16,David,Moreno,customer,88535650,traci58@example.com,0360236bfa3845cddf97e2933700a4d5f1776893399055ae1399a946926bb728,2022-12-14 15:40:15
17,Sherry,Wilson,promoter,48540112,kayla89@example.com,1624c7549e3aaafb92e3192b4dd2d285867248f130fd57334a8353d18555ef0c,2021-12-22 09:15:01
18,Stephen,Hall,customer,1760109,rebeccahahn@example.org,92d61b814be65506cd2683fdd1966b6e890dc0fc8e5cabf3335fccb54c6eac9b,2024-05-10 05:30:00
19,Michael,Graham,admin,8304722,zcastillo@example.net,3cf5099ddd819acd0e3232560ac7b0f57d0817d53f3b327762d984d186fb740b,2022-03-15 19:47:24
20,Kyle,Martinez,admin,84431052,glen94@example.net,249a0e7de662f5bb17256816e74e10874222fa6c3a3473bcb906eee626aa2556,2020-05-25 02:35:26
21,Isaac,Johnson,promoter,94529748,matthewdavid@example.org,88e3162e12f2d6c558511492d1ddd80dfc575607971f298d218aed2bed3da8ff,2023-07-02 22:26:28
22,Bradley,Alvarado,promoter,28007266,gbrewer@example.org,8db379a54ef12ea4eeeb570c4c322bfbd8b5f2d960f9a0fd211343d3e91c923d,2020-06-20 12:36:48
23,Chelsea,Sanders,customer,58719323,spencer64@example.org,c49175a01105347fdfc12d98942f27adc070f60a747ad1ee7121e0d2c76d51e9,2020-07-05 01:27:23
24,Stephanie,Patterson,customer,6244632,amanda42@example.net,38306481cb10da9fc3003da6c420579a1d4c722957f350c2a51a2da5811f83c1,2022-11-01 05:39:14
25,Catherine,Phillips,customer,57083428,elijahharvey@example.com,dcfc7ac32ea1b82ba0cf20c4c7b624f1771f5b5618f6334feca0b860d038c1bf,2020-07-23 10:55:32
26,Glenn,Galvan,admin,77312340,george36@example.com,c98672a613899d089be14fcdfa6c0a9eafd86e64a85b08573d99d7f54b1584ff,2024-12-05 15:09:48
27,Karen,Griffith,promoter,68229392,lydia12@example.net,0786bfab6a58c025a06af8d27a2d6d3c97c012892e72462028c206059b528515,2023-05-22 08:14:07
28,Tamara,Chavez,admin,48246028,slopez@example.org,3e1d7551a7d8a0c4e3d51dea9a4028b84c433bd7e3c000ef965e21fa2fc17355,2020-05-11 21:57:12
29,Lindsey,Nunez,customer,23700342,allenrobert@example.com,4158c1dcb50ed254a1334a0f54c7a5a37d94dc30f7dfee021ee5985850ce6a42,2020-02-21 04:51:07
30,Kenneth,Anderson,admin,71897469,jason66@example.org,b589f1d45f4afed768a77aea04b7ee8674dff3261f612dd0bf6ff7a64080c561,2020-06-25 07:13:12
31,Courtney,Logan,promoter,38926859,hreyes@example.org,fe9368bd39d9bc736cf8448c4ce967ddddbd177047935d744bc031831ea4ea7c,2024-12-11 01:19:29
32,Matthew,Anthony,promoter,11653672,pinedaanna@example.org,e70f67cc18664c3bfa103eab326492cf654fef909f240303677efbc723f100a6,2021-08-30 06:43:55
33,Chelsea,Mercado,customer,90575538,katherinedickson@example.org,d54bc6840ca29f3e9b84eabf8991f165666d29f4375e0147949771861b795ba6,2024-02-17 06:25:06
34,David,Hodges,customer,91995997,ebell@example.com,32b044ec6d93d2de9f5745faa60a72a2faab8559c961b12e6cd289dd02ea0164,2023-06-15 03:27:28
35,Scott,Ray,promoter,20742622,logan10@example.org,68804cc50838090fe24948879864d9143bfb4801070e90fa14afef68fea9f81d,2021-01-19 19:21:57
36,Ashley,Cummings,promoter,32605984,mooreleslie@example.com,ef43fdbec5213b2367e32416684bc3a454ec6fca7ab9858f60b5f0689197cccd,2021-10-24 05:38:12
37,Victoria,Jefferson,admin,92027830,vanessabarnett@example.org,062b4b7542a2a4fde17d81cd7ca1c094ef583a817d5b4a1eac8fc7efad30b7c0,2022-04-24 00:08:10
38,Thomas,Huber,admin,9408821,moranscott@example.com,d9ff1580b81e667880f6ad02c472859aaa25938c7187751f702b7631bdb7dc4d,2025-01-04 07:09:35
39,Gregory,Villegas,promoter,26543999,edward79@example.net,8bac3620e6143b0cc3ab78932c724dfcf7b9bed0813358304ccc60904fba2f82,2023-03-22 23:46:57
40,Debra,Patton,promoter,62818418,angela77@example.com,792114e7ba619a0719d7323309a40cd335719166c20cb6120e7ad979508f8b10,2021-02-27 21:10:36
41,Rachel,Smith,promoter,39043777,johnbarnes@example.org,b62e0862c6eacdc7e6d8c43cef08ca58239690d4cb88bbb1733518f124c45287,2021-10-23 18:29:06
42,Jane,Clarke,admin,80694398,fmills@example.org,47aec8d7872b25e0d4e29e6636edc84f8c7fd6a15ec94dc5e37feb70cf001d9e,2024-08-07 08:32:36
43,Rhonda,Moon,customer,80595093,greglee@example.net,b1b784151ae3d2059cef0ecc2bab11fa0bb075c7191953cf8d56ea3e6a369953,2021-01-11 23:38:49
44,Melissa,Garcia,admin,34315318,matthewdoyle@example.net,2e1741bcd932fa08747f0c2a4ee5c568d27e23a9bc58c15e9ecd4cb0dcb4888c,2024-03-02 09:32:37
45,Jennifer,Miller,customer,67684570,dhammond@example.org,9b69dfa7d36623dd7f9aa3199c005fbd5e8726e7426c61388b4f6f90f3cb8da1,2024-10-26 03:50:06
46,Janice,Cooley,customer,21521212,armstrongtiffany@example.com,8e59aebd24d4c741ee388a9f27b3fc11ede1946c334812ae867fd94463922512,2022-06-13 02:13:06
47,Melissa,Summers,customer,72162484,hollowaykimberly@example.com,1a97f5b8e126c1e0f303a8baacc8dd11144f76d971173fc006e17a02401484e8,2024-11-07 08:55:01
48,Brian,Arroyo,customer,6442847,bakerkrista@example.com,165f91122ab823b536ba555cd4328b97ff5786ce3aca865c8d3ede83b76cf575,2024-03-06 07:25:36
49,Elizabeth,Barker,customer,20965098,cnavarro@example.org,99baef122a570129473b081cc8a8a5dd1af8ff8a733acd092082829cd4e2a473,2021-11-17 22:13:43
50,Derek,Graves,admin,10536064,ihiggins@example.net,62e20c22c58f2e2884d2501b474d7187db84c6315f9c5f09e50905006a8bcf0e,2021-09-05 20:55:03
51,Pamela,Boyd,promoter,98402852,cookwilliam@example.net,9e06b0a3dcb13fb1b326f0355807faa8ab7dc0b5d83dd84f53238bcd45a57deb,2025-03-10 08:24:57
52,Lisa,Garcia,admin,51095841,seanpotts@example.net,bd4d81aa0c1b2319e14e730b47962f6b5008460964704454e1d87cc20a6ad985,2023-04-29 18:13:35
53,John,Hahn,customer,43719147,michael11@example.net,5c98d56bde63a97b4b0db70e1246173acac3a22dd931697cf1a141f6c711ed62,2023-03-31 03:06:31
54,Justin,Price,promoter,20897042,moodychris@example.org,39b6f3f24ddd83464ee9d3edb268a10387f800bf5bf677627998a9c972233fe5,2024-03-24 18:26:15
55,Mason,Dawson,promoter,47429843,wayne83@example.com,58aada54352e492131514aeea471a581b33d5ae9f28e51f72a8913c197a4520a,2022-12-10 06:57:31
56,Samantha,Phelps,promoter,72902283,christinasmith@example.com,8e2157a9693997f6b9c555f533f99f1885c80774e862e88695000855e71c664f,2022-07-25 02:29:34
57,Jennifer,Vasquez,admin,74427283,anthony17@example.com,1e5e0c6298e0d21099046662e9ef92740900e41b26e11db0df81a14b892bd6ac,2021-06-27 05:36:27
58,Cassandra,Boyer,admin,5692645,perrymarc@example.net,17e0bd7a69e658f0314ae07aa2a158665839cad0ecc8c50d596e6ad3b7865af1,2025-03-17 00:27:40
59,Matthew,Garcia,customer,14334549,bcrawford@example.net,bf97230fb9259527ca7a2dcf7da5b932c8a806c6025a7ad973790e09126eac2a,2022-03-10 04:04:20
60,Jessica,Shaw,promoter,9206000,bonnie67@example.com,4b14520d612a6b86da11fee6842ec6b1e14053ef369a6028a9b8db956fd2fc75,2020-03-09 00:43:59
61,Nicholas,Clark,promoter,60489136,thomasann@example.com,6de8858d48a5608cfaa66d73bd9f9c6130c3958fd15e958531d03db86ad5ab38,2021-10-24 17:32:38
62,Michelle,White,admin,99577019,wholland@example.org,2df7675069406fbe5a3d1adad40340fb434753b318284194670b867e156d6540,2021-07-08 19:39:01
63,Timothy,Wallace,customer,6719643,stephaniebush@example.com,13e6d47adfa1b3b3d141633ef5e85bb337f3b5f25bbf01da38fef09502bcca80,2023-03-10 19:17:56
64,William,Ross,promoter,84282356,othomas@example.org,d540a94ed07d900f2620b15531a36aea3222216313545c84df26e33346500286,2024-11-20 11:08:55
65,Paul,Taylor,customer,60761846,katherine27@example.com,f78d6d91f583df0edc1b75b4ca42184550005885970c141809f81b31e40b06dd,2025-01-24 17:54:06
66,Douglas,Moss,customer,44685699,jasmine04@example.com,d5c27da9b8c2cc8e3ad0353c7169aa0bc27d30b924f1626d2b2479bde0ac7ec9,2024-08-04 10:32:58
67,Michelle,Anderson,customer,94685919,bsaunders@example.com,2ec0b1f8f0ed17a5f7545d30427754453c9f01daace28e5b4fc5fe854c6df6d5,2021-04-21 02:47:39
68,William,Harmon,promoter,45742872,christopher26@example.org,773b929422b8a24607c7c6c56ac488fd25cd29bd422a03c1c5991c3aaa927cbc,2021-06-19 06:20:51
69,Cindy,Reeves,promoter,54020917,martinjoseph@example.com,910126623e218b47df76ebd35dd8dc011f97e091de3ed53a3af27ac7554e4e45,2020-08-23 14:34:24
70,Matthew,Wall,customer,3298748,andrewfoster@example.org,bf12017e8d85b826b217411bcdeaf6e29a075239927eb9aa813f325f452dd175,2025-01-18 04:05:43
71,Cristian,Brewer,customer,38778221,tracy29@example.net,61f68ad09a8654d43201b60c65cac5f486c23999ecacc62c1163c1eb2c4d85f5,2023-06-13 11:19:41
72,Anthony,Hunter,promoter,57430188,acastillo@example.com,9dbfe7ca9620053cddba66e3c7698228ef1243cce2da75d4feec5b7bb3310f67,2024-02-29 08:30:03
73,James,Wilkins,customer,8973580,rogersjason@example.com,ed16a7335b01398bf1250d0194cc5d06a60d7554bcc6afd5ae348ecd9c1e3bde,2022-10-21 11:05:56
74,Julie,Chang,customer,4755491,gwright@example.com,6827f2d02b70a7ae3df57a26204e279c414e52c20b68e6d21525f02fbb351f21,2022-08-03 03:10:34
75,Julia,Morgan,customer,96475006,jennifer80@example.com,55897aca1270f1124e3800e515313aad4e690c8ee9a4fdecb82aff852afc1982,2024-09-12 17:17:07
76,Sarah,Hurst,customer,18999968,robert25@example.com,405d6e73b535c275ab8a9b6c1b344510300636b65677236b45f08bd339f2e756,2024-02-21 03:10:35
77,Eddie,Mccullough,promoter,86747306,juanlloyd@example.com,6023dd380a72013f918e4898c535aebadb09dc68d2f5d478c54c90e60eecdf26,2022-07-06 05:03:07
78,Daisy,Williams,admin,1313837,medinajerome@example.com,6ab60a4d997a6733a61f58fdd76cb94ac57667326d4211add9a2f09d0336b481,2023-08-11 07:00:39
79,Kimberly,Wright,admin,12804097,xperez@example.org,01e2596b8c76a4bf12f625465b83ed46c94e2873fe2c8bf52ecea1aabbc37568,2024-08-26 08:39:57
80,Nicholas,Roberts,admin,46759680,matthew48@example.com,afefe1b78c1a47055a0e5c5bf734246204ca752cfbd1c8e923398964aab490d9,2022-03-23 11:04:31
81,Miranda,Hayes,customer,85565619,christopher05@example.org,6886f085e77e063421b4470fac431282ccd7ca3fdb101dcc79df9ca88fd92683,2024-07-15 12:46:16
82,Toni,Nichols,admin,57407066,lawrencephillips@example.net,37d4724d33027dd0d9a31a0dabd13d390725a2b58ae700b8b1cbf98ede07bf5f,2020-09-23 12:05:30
83,Ashley,Davis,promoter,64843655,wendy28@example.com,384011ff83d4a0e0365db2215cafd8140fb5453b59f8002d81af4d893c22661c,2025-03-15 00:01:49
84,Megan,Reed,customer,36414322,rogerreynolds@example.org,0019edae3978c90334f98615535fd3fee0a5fc4295a7dc82d2a94f530029e37f,2021-11-26 14:05:17
85,Deanna,Chavez,customer,56507407,cooperdavid@example.org,6364c95e825b91d0c42dd715a424043c6b477ad96cf5cb7251980f22bcc4a486,2025-02-22 05:29:30
86,Rebecca,Rogers,customer,32469648,victoria70@example.org,568d9553fa293f2f68e0362bba9df93972c0479acd2e5f281e04af1ca4c92715,2021-06-04 10:21:25
87,Ashley,Conrad,admin,98132758,jillbryant@example.com,96f3842bc387156d8bdc30429537f8b868aad2c4fd9db51f828166747c9af416,2023-08-13 01:12:34
88,Alyssa,Nelson,admin,73010115,laura42@example.com,cbe8f3926bac612d8c22c2b2ab05d5a88bf4226b57dce707fc46f51fb522e2ee,2025-03-22 23:14:22
89,Miguel,Mayer,admin,795210,woodtara@example.net,bcb26670e435f488384f4397a4698d4da0b6c0f356db555932b58a6d3260be0e,2025-02-05 19:56:36
90,Brett,Washington,promoter,62739752,michaelmcgee@example.com,bece4371b4d8dfc535ec7b87bcf9fe78da424901205477876443dbd97b7e9cb1,2025-05-01 07:26:41
91,Wendy,Sexton,promoter,4015807,ncharles@example.net,cf2c3d0e289450b5425e73e2a81e0a487aef69ead86fd7c28c68d33ab59b9d3a,2022-01-28 04:22:18
92,Anthony,Thomas,customer,69105672,emarsh@example.org,32c33ecc766b732791eaf7bc5ed1f5fec34ffe9f1064ca1478ac217e8755a62e,2023-03-22 00:34:20
93,Amy,Garcia,customer,88297997,melissa56@example.org,3a7aa1759fba34f5f1a1480dedc19d4bb3d4b70e3b22872dfe0feee6dc5dd080,2020-06-07 12:39:46
94,Rickey,Hull,customer,8238133,medinamary@example.org,0d010fce87d045d529c8f393e9ff9dfef072909bfdb55f0460350b6158d7fa90,2023-03-27 01:19:43
95,Devon,Patterson,admin,75733646,jeffreyvaughn@example.com,d032b8d87c3e47dc306ca400dd7d4d5daa34db4b6e6db5180076a3bda67e6219,2024-05-06 13:18:39
96,Laura,Stevens,promoter,77333223,valerierodriguez@example.com,fb5a8b694371f3a47affec177c4956a793c76fe68d66b5ad29d43819388729c4,2023-06-02 12:05:40
97,Herbert,Allen,promoter,25434571,holmesjames@example.org,c73ae5e0e8a67bffc21e73e1a43ae95dbabbc2c71fe92b9b8e6c6db57b17fab6,2023-04-13 21:42:15
98,Melvin,Myers,promoter,66979844,woliver@example.org,bdfebb636fb257b91ae15ad7091d6898d8d8a9f38bf07c1c20658acef502ffc1,2024-10-04 15:40:25
99,Jason,Valentine,admin,52266586,emilybruce@example.org,39aa4ec53ba1bbe8856bfe43a55721ae73cdf8f1ab52b9cde127745fb8fdec03,2022-12-24 21:14:12
100,Marc,Swanson,customer,1690551,megan33@example.org,e8f98cb3474b2489258b2a1652e881dfeb1fbd569960a524be1b006d8854248a,2022-10-26 20:41:49
